External bet ID,Player token,Type,Source,Bet amount,Currency,Acceptance timestamp,Acceptance Tx ID,Description,Status,Total winnings,Void amount,Settlement timestamp,Payout amount,Payout timestamp,Payout Tx ID
eeee6ca6-12b0-4274-87cb-d3092ca,e59bc82eb2a91da74636c85c83690d52,online,pu.kz,36377,KZT,1665767698,eeee6ca6-12b0-4274-87cb-d3092ca,ImJldERldGFpbHMiOiB7DQogICAgInByb2R1Y3QiOiAic3BvcnRzYm9vayIsDQogICAgInR5cGUiOiAic2luZ2xlIiwNCiAgICAiYmV0c2xpcCI6IFsNCiAgICAgIHsNCiAgICAgICAgInNwb3J0IjogIkUtc3BvcnQiLA0KICAgICAgICAic2VjdGlvbiI6ICJFbGVjdHJvbmljIGxlYWd1ZXMuIEZJRkEgMjIuIGVTcG9ydHMgQmF0dGxlLiBDaGFtcGlvbnMgTGVhZ3VlIiwNCiAgICAgICAgImV2ZW50IjogIkxpdmVycG9vbCAoUGVyYXBhbmFtZXJhKSAtIFJlYWwgTWFkcmlkIChEYWN1bSkiLA0KICAgICAgICAiZXZlbnREYXRldGltZSI6ICIyMC4wOSwgMzowMCBQTSIsDQogICAgICAgICJtYXJrZXQiOiAiRnVsbC10aW1lIHJlc3VsdCIsDQogICAgICAgICJvdXRjb21lIjogIkxpdmVycG9vbCAoUGVyYXBhbmFtZXJhKSIsDQogICAgICAgICJvZGQiOiAiMy42MCINCiAgICAgIH0NCiAgICBdLA0KICAgICJ0b3RhbE9kZCI6ICIzLjYwIg0KICB9,void,2312421,39056,1664989353,85721,1664360376,eeee6ca6-12b0-4274-87cb-d3092ca
321ce5ae-a228-4501-985e-0761f4d,bf8f7a2aeb1167bc8e88935625e18d60,online,https://bbbets.kz,45231,KZT,1666331990,321ce5ae-a228-4501-985e-0761f4d,ImJldERldGFpbHMiOiB7DQogICAgInByb2R1Y3QiOiAic3BvcnRzYm9vayIsDQogICAgInR5cGUiOiAic2luZ2xlIiwNCiAgICAiYmV0c2xpcCI6IFsNCiAgICAgIHsNCiAgICAgICAgInNwb3J0IjogIkUtc3BvcnQiLA0KICAgICAgICAic2VjdGlvbiI6ICJFbGVjdHJvbmljIGxlYWd1ZXMuIEZJRkEgMjIuIGVTcG9ydHMgQmF0dGxlLiBDaGFtcGlvbnMgTGVhZ3VlIiwNCiAgICAgICAgImV2ZW50IjogIkxpdmVycG9vbCAoUGVyYXBhbmFtZXJhKSAtIFJlYWwgTWFkcmlkIChEYWN1bSkiLA0KICAgICAgICAiZXZlbnREYXRldGltZSI6ICIyMC4wOSwgMzowMCBQTSIsDQogICAgICAgICJtYXJrZXQiOiAiRnVsbC10aW1lIHJlc3VsdCIsDQogICAgICAgICJvdXRjb21lIjogIkxpdmVycG9vbCAoUGVyYXBhbmFtZXJhKSIsDQogICAgICAgICJvZGQiOiAiMy42MCINCiAgICAgIH0NCiAgICBdLA0KICAgICJ0b3RhbE9kZCI6ICIzLjYwIg0KICB9,pending,6878766,44527,1666358140,81989,1666723509,321ce5ae-a228-4501-985e-0761f4d
7ebcb4ba-391c-48b8-9513-ae5d385,ce95d0a0c4d35aaa925f9c9a1a0d8664,online,pu.kz,47180,KZT,1664381547,7ebcb4ba-391c-48b8-9513-ae5d385,ImJldERldGFpbHMiOiB7DQogICAgInByb2R1Y3QiOiAic3BvcnRzYm9vayIsDQogICAgInR5cGUiOiAic2luZ2xlIiwNCiAgICAiYmV0c2xpcCI6IFsNCiAgICAgIHsNCiAgICAgICAgInNwb3J0IjogIkUtc3BvcnQiLA0KICAgICAgICAic2VjdGlvbiI6ICJFbGVjdHJvbmljIGxlYWd1ZXMuIEZJRkEgMjIuIGVTcG9ydHMgQmF0dGxlLiBDaGFtcGlvbnMgTGVhZ3VlIiwNCiAgICAgICAgImV2ZW50IjogIkxpdmVycG9vbCAoUGVyYXBhbmFtZXJhKSAtIFJlYWwgTWFkcmlkIChEYWN1bSkiLA0KICAgICAgICAiZXZlbnREYXRldGltZSI6ICIyMC4wOSwgMzowMCBQTSIsDQogICAgICAgICJtYXJrZXQiOiAiRnVsbC10aW1lIHJlc3VsdCIsDQogICAgICAgICJvdXRjb21lIjogIkxpdmVycG9vbCAoUGVyYXBhbmFtZXJhKSIsDQogICAgICAgICJvZGQiOiAiMy42MCINCiAgICAgIH0NCiAgICBdLA0KICAgICJ0b3RhbE9kZCI6ICIzLjYwIg0KICB9,pending,7924471,15673,1665244437,88414,1666095522,7ebcb4ba-391c-48b8-9513-ae5d385
ac350974-e395-4e01-bee8-c44383e,e59bc82eb2a91da74636c85c83690d52,online,https://bbbets.kz,15992,KZT,1665844433,ac350974-e395-4e01-bee8-c44383e,ImJldERldGFpbHMiOiB7DQogICAgInByb2R1Y3QiOiAic3BvcnRzYm9vayIsDQogICAgInR5cGUiOiAic2luZ2xlIiwNCiAgICAiYmV0c2xpcCI6IFsNCiAgICAgIHsNCiAgICAgICAgInNwb3J0IjogIkUtc3BvcnQiLA0KICAgICAgICAic2VjdGlvbiI6ICJFbGVjdHJvbmljIGxlYWd1ZXMuIEZJRkEgMjIuIGVTcG9ydHMgQmF0dGxlLiBDaGFtcGlvbnMgTGVhZ3VlIiwNCiAgICAgICAgImV2ZW50IjogIkxpdmVycG9vbCAoUGVyYXBhbmFtZXJhKSAtIFJlYWwgTWFkcmlkIChEYWN1bSkiLA0KICAgICAgICAiZXZlbnREYXRldGltZSI6ICIyMC4wOSwgMzowMCBQTSIsDQogICAgICAgICJtYXJrZXQiOiAiRnVsbC10aW1lIHJlc3VsdCIsDQogICAgICAgICJvdXRjb21lIjogIkxpdmVycG9vbCAoUGVyYXBhbmFtZXJhKSIsDQogICAgICAgICJvZGQiOiAiMy42MCINCiAgICAgIH0NCiAgICBdLA0KICAgICJ0b3RhbE9kZCI6ICIzLjYwIg0KICB9,void,9329679,35566,1664837554,81384,1664686547,ac350974-e395-4e01-bee8-c44383e
cd889ce7-31cc-4157-a7fc-f96c257,906fe5067ae5d7b70c24e5aaf4e6e795,cashdesk,23,38868,KZT,1665548242,cd889ce7-31cc-4157-a7fc-f96c257,ImJldERldGFpbHMiOiB7DQogICAgInByb2R1Y3QiOiAic3BvcnRzYm9vayIsDQogICAgInR5cGUiOiAic2luZ2xlIiwNCiAgICAiYmV0c2xpcCI6IFsNCiAgICAgIHsNCiAgICAgICAgInNwb3J0IjogIkUtc3BvcnQiLA0KICAgICAgICAic2VjdGlvbiI6ICJFbGVjdHJvbmljIGxlYWd1ZXMuIEZJRkEgMjIuIGVTcG9ydHMgQmF0dGxlLiBDaGFtcGlvbnMgTGVhZ3VlIiwNCiAgICAgICAgImV2ZW50IjogIkxpdmVycG9vbCAoUGVyYXBhbmFtZXJhKSAtIFJlYWwgTWFkcmlkIChEYWN1bSkiLA0KICAgICAgICAiZXZlbnREYXRldGltZSI6ICIyMC4wOSwgMzowMCBQTSIsDQogICAgICAgICJtYXJrZXQiOiAiRnVsbC10aW1lIHJlc3VsdCIsDQogICAgICAgICJvdXRjb21lIjogIkxpdmVycG9vbCAoUGVyYXBhbmFtZXJhKSIsDQogICAgICAgICJvZGQiOiAiMy42MCINCiAgICAgIH0NCiAgICBdLA0KICAgICJ0b3RhbE9kZCI6ICIzLjYwIg0KICB9,lost,9831021,38456,1664893341,79075,1666771443,cd889ce7-31cc-4157-a7fc-f96c257
1cdd4abb-c177-43e5-8b9f-1d2e1cf,44fa6f58f2dfcda9fa73157829374d22,online,kz.bet,16072,KZT,1665113515,1cdd4abb-c177-43e5-8b9f-1d2e1cf,ImJldERldGFpbHMiOiB7DQogICAgInByb2R1Y3QiOiAic3BvcnRzYm9vayIsDQogICAgInR5cGUiOiAic2luZ2xlIiwNCiAgICAiYmV0c2xpcCI6IFsNCiAgICAgIHsNCiAgICAgICAgInNwb3J0IjogIkUtc3BvcnQiLA0KICAgICAgICAic2VjdGlvbiI6ICJFbGVjdHJvbmljIGxlYWd1ZXMuIEZJRkEgMjIuIGVTcG9ydHMgQmF0dGxlLiBDaGFtcGlvbnMgTGVhZ3VlIiwNCiAgICAgICAgImV2ZW50IjogIkxpdmVycG9vbCAoUGVyYXBhbmFtZXJhKSAtIFJlYWwgTWFkcmlkIChEYWN1bSkiLA0KICAgICAgICAiZXZlbnREYXRldGltZSI6ICIyMC4wOSwgMzowMCBQTSIsDQogICAgICAgICJtYXJrZXQiOiAiRnVsbC10aW1lIHJlc3VsdCIsDQogICAgICAgICJvdXRjb21lIjogIkxpdmVycG9vbCAoUGVyYXBhbmFtZXJhKSIsDQogICAgICAgICJvZGQiOiAiMy42MCINCiAgICAgIH0NCiAgICBdLA0KICAgICJ0b3RhbE9kZCI6ICIzLjYwIg0KICB9,pending,8553538,13405,1666299696,80036,1664601296,1cdd4abb-c177-43e5-8b9f-1d2e1cf
2225ef10-bead-4ab5-a8b1-0ca782e,e59bc82eb2a91da74636c85c83690d52,online,kz.bet,11288,KZT,1666079890,2225ef10-bead-4ab5-a8b1-0ca782e,ImJldERldGFpbHMiOiB7DQogICAgInByb2R1Y3QiOiAic3BvcnRzYm9vayIsDQogICAgInR5cGUiOiAic2luZ2xlIiwNCiAgICAiYmV0c2xpcCI6IFsNCiAgICAgIHsNCiAgICAgICAgInNwb3J0IjogIkUtc3BvcnQiLA0KICAgICAgICAic2VjdGlvbiI6ICJFbGVjdHJvbmljIGxlYWd1ZXMuIEZJRkEgMjIuIGVTcG9ydHMgQmF0dGxlLiBDaGFtcGlvbnMgTGVhZ3VlIiwNCiAgICAgICAgImV2ZW50IjogIkxpdmVycG9vbCAoUGVyYXBhbmFtZXJhKSAtIFJlYWwgTWFkcmlkIChEYWN1bSkiLA0KICAgICAgICAiZXZlbnREYXRldGltZSI6ICIyMC4wOSwgMzowMCBQTSIsDQogICAgICAgICJtYXJrZXQiOiAiRnVsbC10aW1lIHJlc3VsdCIsDQogICAgICAgICJvdXRjb21lIjogIkxpdmVycG9vbCAoUGVyYXBhbmFtZXJhKSIsDQogICAgICAgICJvZGQiOiAiMy42MCINCiAgICAgIH0NCiAgICBdLA0KICAgICJ0b3RhbE9kZCI6ICIzLjYwIg0KICB9,lost,1218950,29194,1666031803,81627,1666614593,2225ef10-bead-4ab5-a8b1-0ca782e
84fb3570-8d1f-41af-be03-50ed501,6a145c25533d76816bb19f2049671797,cashdesk,88,18797,KZT,1665640664,84fb3570-8d1f-41af-be03-50ed501,ImJldERldGFpbHMiOiB7DQogICAgInByb2R1Y3QiOiAic3BvcnRzYm9vayIsDQogICAgInR5cGUiOiAic2luZ2xlIiwNCiAgICAiYmV0c2xpcCI6IFsNCiAgICAgIHsNCiAgICAgICAgInNwb3J0IjogIkUtc3BvcnQiLA0KICAgICAgICAic2VjdGlvbiI6ICJFbGVjdHJvbmljIGxlYWd1ZXMuIEZJRkEgMjIuIGVTcG9ydHMgQmF0dGxlLiBDaGFtcGlvbnMgTGVhZ3VlIiwNCiAgICAgICAgImV2ZW50IjogIkxpdmVycG9vbCAoUGVyYXBhbmFtZXJhKSAtIFJlYWwgTWFkcmlkIChEYWN1bSkiLA0KICAgICAgICAiZXZlbnREYXRldGltZSI6ICIyMC4wOSwgMzowMCBQTSIsDQogICAgICAgICJtYXJrZXQiOiAiRnVsbC10aW1lIHJlc3VsdCIsDQogICAgICAgICJvdXRjb21lIjogIkxpdmVycG9vbCAoUGVyYXBhbmFtZXJhKSIsDQogICAgICAgICJvZGQiOiAiMy42MCINCiAgICAgIH0NCiAgICBdLA0KICAgICJ0b3RhbE9kZCI6ICIzLjYwIg0KICB9,void,5737569,47961,1666646184,73253,1666475215,84fb3570-8d1f-41af-be03-50ed501
3bbfadbe-832b-4581-9e12-1d87939,906fe5067ae5d7b70c24e5aaf4e6e795,cashdesk,41,40394,KZT,1665617813,3bbfadbe-832b-4581-9e12-1d87939,ImJldERldGFpbHMiOiB7DQogICAgInByb2R1Y3QiOiAic3BvcnRzYm9vayIsDQogICAgInR5cGUiOiAic2luZ2xlIiwNCiAgICAiYmV0c2xpcCI6IFsNCiAgICAgIHsNCiAgICAgICAgInNwb3J0IjogIkUtc3BvcnQiLA0KICAgICAgICAic2VjdGlvbiI6ICJFbGVjdHJvbmljIGxlYWd1ZXMuIEZJRkEgMjIuIGVTcG9ydHMgQmF0dGxlLiBDaGFtcGlvbnMgTGVhZ3VlIiwNCiAgICAgICAgImV2ZW50IjogIkxpdmVycG9vbCAoUGVyYXBhbmFtZXJhKSAtIFJlYWwgTWFkcmlkIChEYWN1bSkiLA0KICAgICAgICAiZXZlbnREYXRldGltZSI6ICIyMC4wOSwgMzowMCBQTSIsDQogICAgICAgICJtYXJrZXQiOiAiRnVsbC10aW1lIHJlc3VsdCIsDQogICAgICAgICJvdXRjb21lIjogIkxpdmVycG9vbCAoUGVyYXBhbmFtZXJhKSIsDQogICAgICAgICJvZGQiOiAiMy42MCINCiAgICAgIH0NCiAgICBdLA0KICAgICJ0b3RhbE9kZCI6ICIzLjYwIg0KICB9,lost,5853335,16598,1666338379,78310,1666698426,3bbfadbe-832b-4581-9e12-1d87939
9b1b51a4-aadb-40ab-83ad-06f9846,bf8f7a2aeb1167bc8e88935625e18d60,cashdesk,41,27084,KZT,1664366876,9b1b51a4-aadb-40ab-83ad-06f9846,ImJldERldGFpbHMiOiB7DQogICAgInByb2R1Y3QiOiAic3BvcnRzYm9vayIsDQogICAgInR5cGUiOiAic2luZ2xlIiwNCiAgICAiYmV0c2xpcCI6IFsNCiAgICAgIHsNCiAgICAgICAgInNwb3J0IjogIkUtc3BvcnQiLA0KICAgICAgICAic2VjdGlvbiI6ICJFbGVjdHJvbmljIGxlYWd1ZXMuIEZJRkEgMjIuIGVTcG9ydHMgQmF0dGxlLiBDaGFtcGlvbnMgTGVhZ3VlIiwNCiAgICAgICAgImV2ZW50IjogIkxpdmVycG9vbCAoUGVyYXBhbmFtZXJhKSAtIFJlYWwgTWFkcmlkIChEYWN1bSkiLA0KICAgICAgICAiZXZlbnREYXRldGltZSI6ICIyMC4wOSwgMzowMCBQTSIsDQogICAgICAgICJtYXJrZXQiOiAiRnVsbC10aW1lIHJlc3VsdCIsDQogICAgICAgICJvdXRjb21lIjogIkxpdmVycG9vbCAoUGVyYXBhbmFtZXJhKSIsDQogICAgICAgICJvZGQiOiAiMy42MCINCiAgICAgIH0NCiAgICBdLA0KICAgICJ0b3RhbE9kZCI6ICIzLjYwIg0KICB9,lost,9690615,44364,1666402976,80671,1664317709,9b1b51a4-aadb-40ab-83ad-06f9846
31066c25-6075-4db8-bb60-1d734bf,44fa6f58f2dfcda9fa73157829374d22,cashdesk,88,48954,KZT,1664620066,31066c25-6075-4db8-bb60-1d734bf,ImJldERldGFpbHMiOiB7DQogICAgInByb2R1Y3QiOiAic3BvcnRzYm9vayIsDQogICAgInR5cGUiOiAic2luZ2xlIiwNCiAgICAiYmV0c2xpcCI6IFsNCiAgICAgIHsNCiAgICAgICAgInNwb3J0IjogIkUtc3BvcnQiLA0KICAgICAgICAic2VjdGlvbiI6ICJFbGVjdHJvbmljIGxlYWd1ZXMuIEZJRkEgMjIuIGVTcG9ydHMgQmF0dGxlLiBDaGFtcGlvbnMgTGVhZ3VlIiwNCiAgICAgICAgImV2ZW50IjogIkxpdmVycG9vbCAoUGVyYXBhbmFtZXJhKSAtIFJlYWwgTWFkcmlkIChEYWN1bSkiLA0KICAgICAgICAiZXZlbnREYXRldGltZSI6ICIyMC4wOSwgMzowMCBQTSIsDQogICAgICAgICJtYXJrZXQiOiAiRnVsbC10aW1lIHJlc3VsdCIsDQogICAgICAgICJvdXRjb21lIjogIkxpdmVycG9vbCAoUGVyYXBhbmFtZXJhKSIsDQogICAgICAgICJvZGQiOiAiMy42MCINCiAgICAgIH0NCiAgICBdLA0KICAgICJ0b3RhbE9kZCI6ICIzLjYwIg0KICB9,won,4016163,25035,1664397157,82430,1665233337,31066c25-6075-4db8-bb60-1d734bf
3af8020c-53d4-4fb3-8815-86652a9,44fa6f58f2dfcda9fa73157829374d22,cashdesk,88,48671,KZT,1665111987,3af8020c-53d4-4fb3-8815-86652a9,ImJldERldGFpbHMiOiB7DQogICAgInByb2R1Y3QiOiAic3BvcnRzYm9vayIsDQogICAgInR5cGUiOiAic2luZ2xlIiwNCiAgICAiYmV0c2xpcCI6IFsNCiAgICAgIHsNCiAgICAgICAgInNwb3J0IjogIkUtc3BvcnQiLA0KICAgICAgICAic2VjdGlvbiI6ICJFbGVjdHJvbmljIGxlYWd1ZXMuIEZJRkEgMjIuIGVTcG9ydHMgQmF0dGxlLiBDaGFtcGlvbnMgTGVhZ3VlIiwNCiAgICAgICAgImV2ZW50IjogIkxpdmVycG9vbCAoUGVyYXBhbmFtZXJhKSAtIFJlYWwgTWFkcmlkIChEYWN1bSkiLA0KICAgICAgICAiZXZlbnREYXRldGltZSI6ICIyMC4wOSwgMzowMCBQTSIsDQogICAgICAgICJtYXJrZXQiOiAiRnVsbC10aW1lIHJlc3VsdCIsDQogICAgICAgICJvdXRjb21lIjogIkxpdmVycG9vbCAoUGVyYXBhbmFtZXJhKSIsDQogICAgICAgICJvZGQiOiAiMy42MCINCiAgICAgIH0NCiAgICBdLA0KICAgICJ0b3RhbE9kZCI6ICIzLjYwIg0KICB9,void,38960,47398,1666286055,76825,1666542362,3af8020c-53d4-4fb3-8815-86652a9
20196664-440d-4024-b827-ff1212d,6a145c25533d76816bb19f2049671797,online,bets.kz,16043,KZT,1665927436,20196664-440d-4024-b827-ff1212d,ImJldERldGFpbHMiOiB7DQogICAgInByb2R1Y3QiOiAic3BvcnRzYm9vayIsDQogICAgInR5cGUiOiAic2luZ2xlIiwNCiAgICAiYmV0c2xpcCI6IFsNCiAgICAgIHsNCiAgICAgICAgInNwb3J0IjogIkUtc3BvcnQiLA0KICAgICAgICAic2VjdGlvbiI6ICJFbGVjdHJvbmljIGxlYWd1ZXMuIEZJRkEgMjIuIGVTcG9ydHMgQmF0dGxlLiBDaGFtcGlvbnMgTGVhZ3VlIiwNCiAgICAgICAgImV2ZW50IjogIkxpdmVycG9vbCAoUGVyYXBhbmFtZXJhKSAtIFJlYWwgTWFkcmlkIChEYWN1bSkiLA0KICAgICAgICAiZXZlbnREYXRldGltZSI6ICIyMC4wOSwgMzowMCBQTSIsDQogICAgICAgICJtYXJrZXQiOiAiRnVsbC10aW1lIHJlc3VsdCIsDQogICAgICAgICJvdXRjb21lIjogIkxpdmVycG9vbCAoUGVyYXBhbmFtZXJhKSIsDQogICAgICAgICJvZGQiOiAiMy42MCINCiAgICAgIH0NCiAgICBdLA0KICAgICJ0b3RhbE9kZCI6ICIzLjYwIg0KICB9,pending,6419841,39029,1665801959,79924,1666649140,20196664-440d-4024-b827-ff1212d
622cdbc9-f627-4199-ab52-642f457,31b37763befc32386f4e7f91f2a8c249,cashdesk,213,46503,KZT,1665733294,622cdbc9-f627-4199-ab52-642f457,ImJldERldGFpbHMiOiB7DQogICAgInByb2R1Y3QiOiAic3BvcnRzYm9vayIsDQogICAgInR5cGUiOiAic2luZ2xlIiwNCiAgICAiYmV0c2xpcCI6IFsNCiAgICAgIHsNCiAgICAgICAgInNwb3J0IjogIkUtc3BvcnQiLA0KICAgICAgICAic2VjdGlvbiI6ICJFbGVjdHJvbmljIGxlYWd1ZXMuIEZJRkEgMjIuIGVTcG9ydHMgQmF0dGxlLiBDaGFtcGlvbnMgTGVhZ3VlIiwNCiAgICAgICAgImV2ZW50IjogIkxpdmVycG9vbCAoUGVyYXBhbmFtZXJhKSAtIFJlYWwgTWFkcmlkIChEYWN1bSkiLA0KICAgICAgICAiZXZlbnREYXRldGltZSI6ICIyMC4wOSwgMzowMCBQTSIsDQogICAgICAgICJtYXJrZXQiOiAiRnVsbC10aW1lIHJlc3VsdCIsDQogICAgICAgICJvdXRjb21lIjogIkxpdmVycG9vbCAoUGVyYXBhbmFtZXJhKSIsDQogICAgICAgICJvZGQiOiAiMy42MCINCiAgICAgIH0NCiAgICBdLA0KICAgICJ0b3RhbE9kZCI6ICIzLjYwIg0KICB9,lost,2258210,12784,1664307757,86056,1666499759,622cdbc9-f627-4199-ab52-642f457
10d8676b-6a3e-41b6-a489-fa0d516,bf8f7a2aeb1167bc8e88935625e18d60,cashdesk,7,46726,KZT,1665744774,10d8676b-6a3e-41b6-a489-fa0d516,ImJldERldGFpbHMiOiB7DQogICAgInByb2R1Y3QiOiAic3BvcnRzYm9vayIsDQogICAgInR5cGUiOiAic2luZ2xlIiwNCiAgICAiYmV0c2xpcCI6IFsNCiAgICAgIHsNCiAgICAgICAgInNwb3J0IjogIkUtc3BvcnQiLA0KICAgICAgICAic2VjdGlvbiI6ICJFbGVjdHJvbmljIGxlYWd1ZXMuIEZJRkEgMjIuIGVTcG9ydHMgQmF0dGxlLiBDaGFtcGlvbnMgTGVhZ3VlIiwNCiAgICAgICAgImV2ZW50IjogIkxpdmVycG9vbCAoUGVyYXBhbmFtZXJhKSAtIFJlYWwgTWFkcmlkIChEYWN1bSkiLA0KICAgICAgICAiZXZlbnREYXRldGltZSI6ICIyMC4wOSwgMzowMCBQTSIsDQogICAgICAgICJtYXJrZXQiOiAiRnVsbC10aW1lIHJlc3VsdCIsDQogICAgICAgICJvdXRjb21lIjogIkxpdmVycG9vbCAoUGVyYXBhbmFtZXJhKSIsDQogICAgICAgICJvZGQiOiAiMy42MCINCiAgICAgIH0NCiAgICBdLA0KICAgICJ0b3RhbE9kZCI6ICIzLjYwIg0KICB9,pending,5105808,45461,1666274657,79187,1665803873,10d8676b-6a3e-41b6-a489-fa0d516
483b1bae-5057-4bb1-af7e-854259d,31b37763befc32386f4e7f91f2a8c249,cashdesk,333,45142,KZT,1665728916,483b1bae-5057-4bb1-af7e-854259d,ImJldERldGFpbHMiOiB7DQogICAgInByb2R1Y3QiOiAic3BvcnRzYm9vayIsDQogICAgInR5cGUiOiAic2luZ2xlIiwNCiAgICAiYmV0c2xpcCI6IFsNCiAgICAgIHsNCiAgICAgICAgInNwb3J0IjogIkUtc3BvcnQiLA0KICAgICAgICAic2VjdGlvbiI6ICJFbGVjdHJvbmljIGxlYWd1ZXMuIEZJRkEgMjIuIGVTcG9ydHMgQmF0dGxlLiBDaGFtcGlvbnMgTGVhZ3VlIiwNCiAgICAgICAgImV2ZW50IjogIkxpdmVycG9vbCAoUGVyYXBhbmFtZXJhKSAtIFJlYWwgTWFkcmlkIChEYWN1bSkiLA0KICAgICAgICAiZXZlbnREYXRldGltZSI6ICIyMC4wOSwgMzowMCBQTSIsDQogICAgICAgICJtYXJrZXQiOiAiRnVsbC10aW1lIHJlc3VsdCIsDQogICAgICAgICJvdXRjb21lIjogIkxpdmVycG9vbCAoUGVyYXBhbmFtZXJhKSIsDQogICAgICAgICJvZGQiOiAiMy42MCINCiAgICAgIH0NCiAgICBdLA0KICAgICJ0b3RhbE9kZCI6ICIzLjYwIg0KICB9,pending,3707106,10213,1666593268,78149,1665140879,483b1bae-5057-4bb1-af7e-854259d
83e03cb6-0ebc-490e-b367-719be3b,e59bc82eb2a91da74636c85c83690d52,online,https://bbbets.kz,48987,KZT,1664756654,83e03cb6-0ebc-490e-b367-719be3b,ImJldERldGFpbHMiOiB7DQogICAgInByb2R1Y3QiOiAic3BvcnRzYm9vayIsDQogICAgInR5cGUiOiAic2luZ2xlIiwNCiAgICAiYmV0c2xpcCI6IFsNCiAgICAgIHsNCiAgICAgICAgInNwb3J0IjogIkUtc3BvcnQiLA0KICAgICAgICAic2VjdGlvbiI6ICJFbGVjdHJvbmljIGxlYWd1ZXMuIEZJRkEgMjIuIGVTcG9ydHMgQmF0dGxlLiBDaGFtcGlvbnMgTGVhZ3VlIiwNCiAgICAgICAgImV2ZW50IjogIkxpdmVycG9vbCAoUGVyYXBhbmFtZXJhKSAtIFJlYWwgTWFkcmlkIChEYWN1bSkiLA0KICAgICAgICAiZXZlbnREYXRldGltZSI6ICIyMC4wOSwgMzowMCBQTSIsDQogICAgICAgICJtYXJrZXQiOiAiRnVsbC10aW1lIHJlc3VsdCIsDQogICAgICAgICJvdXRjb21lIjogIkxpdmVycG9vbCAoUGVyYXBhbmFtZXJhKSIsDQogICAgICAgICJvZGQiOiAiMy42MCINCiAgICAgIH0NCiAgICBdLA0KICAgICJ0b3RhbE9kZCI6ICIzLjYwIg0KICB9,won,866055,38100,1664980003,86349,1665471200,83e03cb6-0ebc-490e-b367-719be3b
f415c505-bd4c-4a21-bc46-453c96f,906fe5067ae5d7b70c24e5aaf4e6e795,cashdesk,333,10872,KZT,1664403218,f415c505-bd4c-4a21-bc46-453c96f,ImJldERldGFpbHMiOiB7DQogICAgInByb2R1Y3QiOiAic3BvcnRzYm9vayIsDQogICAgInR5cGUiOiAic2luZ2xlIiwNCiAgICAiYmV0c2xpcCI6IFsNCiAgICAgIHsNCiAgICAgICAgInNwb3J0IjogIkUtc3BvcnQiLA0KICAgICAgICAic2VjdGlvbiI6ICJFbGVjdHJvbmljIGxlYWd1ZXMuIEZJRkEgMjIuIGVTcG9ydHMgQmF0dGxlLiBDaGFtcGlvbnMgTGVhZ3VlIiwNCiAgICAgICAgImV2ZW50IjogIkxpdmVycG9vbCAoUGVyYXBhbmFtZXJhKSAtIFJlYWwgTWFkcmlkIChEYWN1bSkiLA0KICAgICAgICAiZXZlbnREYXRldGltZSI6ICIyMC4wOSwgMzowMCBQTSIsDQogICAgICAgICJtYXJrZXQiOiAiRnVsbC10aW1lIHJlc3VsdCIsDQogICAgICAgICJvdXRjb21lIjogIkxpdmVycG9vbCAoUGVyYXBhbmFtZXJhKSIsDQogICAgICAgICJvZGQiOiAiMy42MCINCiAgICAgIH0NCiAgICBdLA0KICAgICJ0b3RhbE9kZCI6ICIzLjYwIg0KICB9,won,1925334,29080,1665980413,73498,1665836827,f415c505-bd4c-4a21-bc46-453c96f
c992a631-0561-4dc3-940c-114ff99,4ebf92fcef7af3c8f4a97d58dec346e8,cashdesk,7,11134,KZT,1665201619,c992a631-0561-4dc3-940c-114ff99,ImJldERldGFpbHMiOiB7DQogICAgInByb2R1Y3QiOiAic3BvcnRzYm9vayIsDQogICAgInR5cGUiOiAic2luZ2xlIiwNCiAgICAiYmV0c2xpcCI6IFsNCiAgICAgIHsNCiAgICAgICAgInNwb3J0IjogIkUtc3BvcnQiLA0KICAgICAgICAic2VjdGlvbiI6ICJFbGVjdHJvbmljIGxlYWd1ZXMuIEZJRkEgMjIuIGVTcG9ydHMgQmF0dGxlLiBDaGFtcGlvbnMgTGVhZ3VlIiwNCiAgICAgICAgImV2ZW50IjogIkxpdmVycG9vbCAoUGVyYXBhbmFtZXJhKSAtIFJlYWwgTWFkcmlkIChEYWN1bSkiLA0KICAgICAgICAiZXZlbnREYXRldGltZSI6ICIyMC4wOSwgMzowMCBQTSIsDQogICAgICAgICJtYXJrZXQiOiAiRnVsbC10aW1lIHJlc3VsdCIsDQogICAgICAgICJvdXRjb21lIjogIkxpdmVycG9vbCAoUGVyYXBhbmFtZXJhKSIsDQogICAgICAgICJvZGQiOiAiMy42MCINCiAgICAgIH0NCiAgICBdLA0KICAgICJ0b3RhbE9kZCI6ICIzLjYwIg0KICB9,void,8257992,21975,1664736982,78438,1666171506,c992a631-0561-4dc3-940c-114ff99
feadabd1-87d3-4d22-af01-e13da1a,e59bc82eb2a91da74636c85c83690d52,online,bets.kz,18019,KZT,1664491853,feadabd1-87d3-4d22-af01-e13da1a,ImJldERldGFpbHMiOiB7DQogICAgInByb2R1Y3QiOiAic3BvcnRzYm9vayIsDQogICAgInR5cGUiOiAic2luZ2xlIiwNCiAgICAiYmV0c2xpcCI6IFsNCiAgICAgIHsNCiAgICAgICAgInNwb3J0IjogIkUtc3BvcnQiLA0KICAgICAgICAic2VjdGlvbiI6ICJFbGVjdHJvbmljIGxlYWd1ZXMuIEZJRkEgMjIuIGVTcG9ydHMgQmF0dGxlLiBDaGFtcGlvbnMgTGVhZ3VlIiwNCiAgICAgICAgImV2ZW50IjogIkxpdmVycG9vbCAoUGVyYXBhbmFtZXJhKSAtIFJlYWwgTWFkcmlkIChEYWN1bSkiLA0KICAgICAgICAiZXZlbnREYXRldGltZSI6ICIyMC4wOSwgMzowMCBQTSIsDQogICAgICAgICJtYXJrZXQiOiAiRnVsbC10aW1lIHJlc3VsdCIsDQogICAgICAgICJvdXRjb21lIjogIkxpdmVycG9vbCAoUGVyYXBhbmFtZXJhKSIsDQogICAgICAgICJvZGQiOiAiMy42MCINCiAgICAgIH0NCiAgICBdLA0KICAgICJ0b3RhbE9kZCI6ICIzLjYwIg0KICB9,pending,423212,31133,1665725579,73784,1666705635,feadabd1-87d3-4d22-af01-e13da1a
635bf088-ad58-4551-9f68-18f24a7,6a145c25533d76816bb19f2049671797,online,pup.kz,36004,KZT,1664895748,635bf088-ad58-4551-9f68-18f24a7,ImJldERldGFpbHMiOiB7DQogICAgInByb2R1Y3QiOiAic3BvcnRzYm9vayIsDQogICAgInR5cGUiOiAic2luZ2xlIiwNCiAgICAiYmV0c2xpcCI6IFsNCiAgICAgIHsNCiAgICAgICAgInNwb3J0IjogIkUtc3BvcnQiLA0KICAgICAgICAic2VjdGlvbiI6ICJFbGVjdHJvbmljIGxlYWd1ZXMuIEZJRkEgMjIuIGVTcG9ydHMgQmF0dGxlLiBDaGFtcGlvbnMgTGVhZ3VlIiwNCiAgICAgICAgImV2ZW50IjogIkxpdmVycG9vbCAoUGVyYXBhbmFtZXJhKSAtIFJlYWwgTWFkcmlkIChEYWN1bSkiLA0KICAgICAgICAiZXZlbnREYXRldGltZSI6ICIyMC4wOSwgMzowMCBQTSIsDQogICAgICAgICJtYXJrZXQiOiAiRnVsbC10aW1lIHJlc3VsdCIsDQogICAgICAgICJvdXRjb21lIjogIkxpdmVycG9vbCAoUGVyYXBhbmFtZXJhKSIsDQogICAgICAgICJvZGQiOiAiMy42MCINCiAgICAgIH0NCiAgICBdLA0KICAgICJ0b3RhbE9kZCI6ICIzLjYwIg0KICB9,won,7066877,21386,1664881224,88735,1664674577,635bf088-ad58-4551-9f68-18f24a7
e5b1e711-6824-45f0-a714-0df4478,e59bc82eb2a91da74636c85c83690d52,online,bets.kz,14847,KZT,1666253858,e5b1e711-6824-45f0-a714-0df4478,ImJldERldGFpbHMiOiB7DQogICAgInByb2R1Y3QiOiAic3BvcnRzYm9vayIsDQogICAgInR5cGUiOiAic2luZ2xlIiwNCiAgICAiYmV0c2xpcCI6IFsNCiAgICAgIHsNCiAgICAgICAgInNwb3J0IjogIkUtc3BvcnQiLA0KICAgICAgICAic2VjdGlvbiI6ICJFbGVjdHJvbmljIGxlYWd1ZXMuIEZJRkEgMjIuIGVTcG9ydHMgQmF0dGxlLiBDaGFtcGlvbnMgTGVhZ3VlIiwNCiAgICAgICAgImV2ZW50IjogIkxpdmVycG9vbCAoUGVyYXBhbmFtZXJhKSAtIFJlYWwgTWFkcmlkIChEYWN1bSkiLA0KICAgICAgICAiZXZlbnREYXRldGltZSI6ICIyMC4wOSwgMzowMCBQTSIsDQogICAgICAgICJtYXJrZXQiOiAiRnVsbC10aW1lIHJlc3VsdCIsDQogICAgICAgICJvdXRjb21lIjogIkxpdmVycG9vbCAoUGVyYXBhbmFtZXJhKSIsDQogICAgICAgICJvZGQiOiAiMy42MCINCiAgICAgIH0NCiAgICBdLA0KICAgICJ0b3RhbE9kZCI6ICIzLjYwIg0KICB9,lost,3330749,30123,1664547008,71757,1666009803,e5b1e711-6824-45f0-a714-0df4478
e1462378-eaad-40e6-aed8-e75816a,e59bc82eb2a91da74636c85c83690d52,online,kz.bet,29657,KZT,1666445185,e1462378-eaad-40e6-aed8-e75816a,ImJldERldGFpbHMiOiB7DQogICAgInByb2R1Y3QiOiAic3BvcnRzYm9vayIsDQogICAgInR5cGUiOiAic2luZ2xlIiwNCiAgICAiYmV0c2xpcCI6IFsNCiAgICAgIHsNCiAgICAgICAgInNwb3J0IjogIkUtc3BvcnQiLA0KICAgICAgICAic2VjdGlvbiI6ICJFbGVjdHJvbmljIGxlYWd1ZXMuIEZJRkEgMjIuIGVTcG9ydHMgQmF0dGxlLiBDaGFtcGlvbnMgTGVhZ3VlIiwNCiAgICAgICAgImV2ZW50IjogIkxpdmVycG9vbCAoUGVyYXBhbmFtZXJhKSAtIFJlYWwgTWFkcmlkIChEYWN1bSkiLA0KICAgICAgICAiZXZlbnREYXRldGltZSI6ICIyMC4wOSwgMzowMCBQTSIsDQogICAgICAgICJtYXJrZXQiOiAiRnVsbC10aW1lIHJlc3VsdCIsDQogICAgICAgICJvdXRjb21lIjogIkxpdmVycG9vbCAoUGVyYXBhbmFtZXJhKSIsDQogICAgICAgICJvZGQiOiAiMy42MCINCiAgICAgIH0NCiAgICBdLA0KICAgICJ0b3RhbE9kZCI6ICIzLjYwIg0KICB9,void,2582603,32148,1665531456,77110,1665751130,e1462378-eaad-40e6-aed8-e75816a
52756556-aa00-42c1-aa6c-6153eb7,31b37763befc32386f4e7f91f2a8c249,cashdesk,7,18256,KZT,1665514118,52756556-aa00-42c1-aa6c-6153eb7,ImJldERldGFpbHMiOiB7DQogICAgInByb2R1Y3QiOiAic3BvcnRzYm9vayIsDQogICAgInR5cGUiOiAic2luZ2xlIiwNCiAgICAiYmV0c2xpcCI6IFsNCiAgICAgIHsNCiAgICAgICAgInNwb3J0IjogIkUtc3BvcnQiLA0KICAgICAgICAic2VjdGlvbiI6ICJFbGVjdHJvbmljIGxlYWd1ZXMuIEZJRkEgMjIuIGVTcG9ydHMgQmF0dGxlLiBDaGFtcGlvbnMgTGVhZ3VlIiwNCiAgICAgICAgImV2ZW50IjogIkxpdmVycG9vbCAoUGVyYXBhbmFtZXJhKSAtIFJlYWwgTWFkcmlkIChEYWN1bSkiLA0KICAgICAgICAiZXZlbnREYXRldGltZSI6ICIyMC4wOSwgMzowMCBQTSIsDQogICAgICAgICJtYXJrZXQiOiAiRnVsbC10aW1lIHJlc3VsdCIsDQogICAgICAgICJvdXRjb21lIjogIkxpdmVycG9vbCAoUGVyYXBhbmFtZXJhKSIsDQogICAgICAgICJvZGQiOiAiMy42MCINCiAgICAgIH0NCiAgICBdLA0KICAgICJ0b3RhbE9kZCI6ICIzLjYwIg0KICB9,void,8178937,13150,1666632002,80413,1666366330,52756556-aa00-42c1-aa6c-6153eb7
7c8c7d54-7341-45d4-a82c-9df0c3f,bf8f7a2aeb1167bc8e88935625e18d60,online,pup.kz,11962,KZT,1666629290,7c8c7d54-7341-45d4-a82c-9df0c3f,ImJldERldGFpbHMiOiB7DQogICAgInByb2R1Y3QiOiAic3BvcnRzYm9vayIsDQogICAgInR5cGUiOiAic2luZ2xlIiwNCiAgICAiYmV0c2xpcCI6IFsNCiAgICAgIHsNCiAgICAgICAgInNwb3J0IjogIkUtc3BvcnQiLA0KICAgICAgICAic2VjdGlvbiI6ICJFbGVjdHJvbmljIGxlYWd1ZXMuIEZJRkEgMjIuIGVTcG9ydHMgQmF0dGxlLiBDaGFtcGlvbnMgTGVhZ3VlIiwNCiAgICAgICAgImV2ZW50IjogIkxpdmVycG9vbCAoUGVyYXBhbmFtZXJhKSAtIFJlYWwgTWFkcmlkIChEYWN1bSkiLA0KICAgICAgICAiZXZlbnREYXRldGltZSI6ICIyMC4wOSwgMzowMCBQTSIsDQogICAgICAgICJtYXJrZXQiOiAiRnVsbC10aW1lIHJlc3VsdCIsDQogICAgICAgICJvdXRjb21lIjogIkxpdmVycG9vbCAoUGVyYXBhbmFtZXJhKSIsDQogICAgICAgICJvZGQiOiAiMy42MCINCiAgICAgIH0NCiAgICBdLA0KICAgICJ0b3RhbE9kZCI6ICIzLjYwIg0KICB9,pending,7753796,45962,1666497641,70100,1666265804,7c8c7d54-7341-45d4-a82c-9df0c3f
df187fa9-97ac-4e27-9a7a-4d5bfd3,ce95d0a0c4d35aaa925f9c9a1a0d8664,online,bets.kz,16057,KZT,1666070691,df187fa9-97ac-4e27-9a7a-4d5bfd3,ImJldERldGFpbHMiOiB7DQogICAgInByb2R1Y3QiOiAic3BvcnRzYm9vayIsDQogICAgInR5cGUiOiAic2luZ2xlIiwNCiAgICAiYmV0c2xpcCI6IFsNCiAgICAgIHsNCiAgICAgICAgInNwb3J0IjogIkUtc3BvcnQiLA0KICAgICAgICAic2VjdGlvbiI6ICJFbGVjdHJvbmljIGxlYWd1ZXMuIEZJRkEgMjIuIGVTcG9ydHMgQmF0dGxlLiBDaGFtcGlvbnMgTGVhZ3VlIiwNCiAgICAgICAgImV2ZW50IjogIkxpdmVycG9vbCAoUGVyYXBhbmFtZXJhKSAtIFJlYWwgTWFkcmlkIChEYWN1bSkiLA0KICAgICAgICAiZXZlbnREYXRldGltZSI6ICIyMC4wOSwgMzowMCBQTSIsDQogICAgICAgICJtYXJrZXQiOiAiRnVsbC10aW1lIHJlc3VsdCIsDQogICAgICAgICJvdXRjb21lIjogIkxpdmVycG9vbCAoUGVyYXBhbmFtZXJhKSIsDQogICAgICAgICJvZGQiOiAiMy42MCINCiAgICAgIH0NCiAgICBdLA0KICAgICJ0b3RhbE9kZCI6ICIzLjYwIg0KICB9,pending,6654994,28425,1666053522,76059,1664960909,df187fa9-97ac-4e27-9a7a-4d5bfd3
e045024a-dd43-4b56-91e6-32bb2b3,e59bc82eb2a91da74636c85c83690d52,cashdesk,88,12443,KZT,1665390973,e045024a-dd43-4b56-91e6-32bb2b3,ImJldERldGFpbHMiOiB7DQogICAgInByb2R1Y3QiOiAic3BvcnRzYm9vayIsDQogICAgInR5cGUiOiAic2luZ2xlIiwNCiAgICAiYmV0c2xpcCI6IFsNCiAgICAgIHsNCiAgICAgICAgInNwb3J0IjogIkUtc3BvcnQiLA0KICAgICAgICAic2VjdGlvbiI6ICJFbGVjdHJvbmljIGxlYWd1ZXMuIEZJRkEgMjIuIGVTcG9ydHMgQmF0dGxlLiBDaGFtcGlvbnMgTGVhZ3VlIiwNCiAgICAgICAgImV2ZW50IjogIkxpdmVycG9vbCAoUGVyYXBhbmFtZXJhKSAtIFJlYWwgTWFkcmlkIChEYWN1bSkiLA0KICAgICAgICAiZXZlbnREYXRldGltZSI6ICIyMC4wOSwgMzowMCBQTSIsDQogICAgICAgICJtYXJrZXQiOiAiRnVsbC10aW1lIHJlc3VsdCIsDQogICAgICAgICJvdXRjb21lIjogIkxpdmVycG9vbCAoUGVyYXBhbmFtZXJhKSIsDQogICAgICAgICJvZGQiOiAiMy42MCINCiAgICAgIH0NCiAgICBdLA0KICAgICJ0b3RhbE9kZCI6ICIzLjYwIg0KICB9,won,5197040,29363,1665377109,72089,1665258025,e045024a-dd43-4b56-91e6-32bb2b3
ade13a0d-a7c7-4d85-a5b3-a88d48a,31b37763befc32386f4e7f91f2a8c249,cashdesk,7,31820,KZT,1665944532,ade13a0d-a7c7-4d85-a5b3-a88d48a,ImJldERldGFpbHMiOiB7DQogICAgInByb2R1Y3QiOiAic3BvcnRzYm9vayIsDQogICAgInR5cGUiOiAic2luZ2xlIiwNCiAgICAiYmV0c2xpcCI6IFsNCiAgICAgIHsNCiAgICAgICAgInNwb3J0IjogIkUtc3BvcnQiLA0KICAgICAgICAic2VjdGlvbiI6ICJFbGVjdHJvbmljIGxlYWd1ZXMuIEZJRkEgMjIuIGVTcG9ydHMgQmF0dGxlLiBDaGFtcGlvbnMgTGVhZ3VlIiwNCiAgICAgICAgImV2ZW50IjogIkxpdmVycG9vbCAoUGVyYXBhbmFtZXJhKSAtIFJlYWwgTWFkcmlkIChEYWN1bSkiLA0KICAgICAgICAiZXZlbnREYXRldGltZSI6ICIyMC4wOSwgMzowMCBQTSIsDQogICAgICAgICJtYXJrZXQiOiAiRnVsbC10aW1lIHJlc3VsdCIsDQogICAgICAgICJvdXRjb21lIjogIkxpdmVycG9vbCAoUGVyYXBhbmFtZXJhKSIsDQogICAgICAgICJvZGQiOiAiMy42MCINCiAgICAgIH0NCiAgICBdLA0KICAgICJ0b3RhbE9kZCI6ICIzLjYwIg0KICB9,pending,9723650,10162,1666456847,86262,1665168291,ade13a0d-a7c7-4d85-a5b3-a88d48a
66b57a13-11a5-4db2-be2b-f7c4562,6a145c25533d76816bb19f2049671797,cashdesk,213,34256,KZT,1664916605,66b57a13-11a5-4db2-be2b-f7c4562,ImJldERldGFpbHMiOiB7DQogICAgInByb2R1Y3QiOiAic3BvcnRzYm9vayIsDQogICAgInR5cGUiOiAic2luZ2xlIiwNCiAgICAiYmV0c2xpcCI6IFsNCiAgICAgIHsNCiAgICAgICAgInNwb3J0IjogIkUtc3BvcnQiLA0KICAgICAgICAic2VjdGlvbiI6ICJFbGVjdHJvbmljIGxlYWd1ZXMuIEZJRkEgMjIuIGVTcG9ydHMgQmF0dGxlLiBDaGFtcGlvbnMgTGVhZ3VlIiwNCiAgICAgICAgImV2ZW50IjogIkxpdmVycG9vbCAoUGVyYXBhbmFtZXJhKSAtIFJlYWwgTWFkcmlkIChEYWN1bSkiLA0KICAgICAgICAiZXZlbnREYXRldGltZSI6ICIyMC4wOSwgMzowMCBQTSIsDQogICAgICAgICJtYXJrZXQiOiAiRnVsbC10aW1lIHJlc3VsdCIsDQogICAgICAgICJvdXRjb21lIjogIkxpdmVycG9vbCAoUGVyYXBhbmFtZXJhKSIsDQogICAgICAgICJvZGQiOiAiMy42MCINCiAgICAgIH0NCiAgICBdLA0KICAgICJ0b3RhbE9kZCI6ICIzLjYwIg0KICB9,won,1616271,45951,1666377741,83825,1664793309,66b57a13-11a5-4db2-be2b-f7c4562
aea5e0ad-3bd7-4936-901b-e347ece,ce95d0a0c4d35aaa925f9c9a1a0d8664,online,pup.kz,22839,KZT,1666523790,aea5e0ad-3bd7-4936-901b-e347ece,ImJldERldGFpbHMiOiB7DQogICAgInByb2R1Y3QiOiAic3BvcnRzYm9vayIsDQogICAgInR5cGUiOiAic2luZ2xlIiwNCiAgICAiYmV0c2xpcCI6IFsNCiAgICAgIHsNCiAgICAgICAgInNwb3J0IjogIkUtc3BvcnQiLA0KICAgICAgICAic2VjdGlvbiI6ICJFbGVjdHJvbmljIGxlYWd1ZXMuIEZJRkEgMjIuIGVTcG9ydHMgQmF0dGxlLiBDaGFtcGlvbnMgTGVhZ3VlIiwNCiAgICAgICAgImV2ZW50IjogIkxpdmVycG9vbCAoUGVyYXBhbmFtZXJhKSAtIFJlYWwgTWFkcmlkIChEYWN1bSkiLA0KICAgICAgICAiZXZlbnREYXRldGltZSI6ICIyMC4wOSwgMzowMCBQTSIsDQogICAgICAgICJtYXJrZXQiOiAiRnVsbC10aW1lIHJlc3VsdCIsDQogICAgICAgICJvdXRjb21lIjogIkxpdmVycG9vbCAoUGVyYXBhbmFtZXJhKSIsDQogICAgICAgICJvZGQiOiAiMy42MCINCiAgICAgIH0NCiAgICBdLA0KICAgICJ0b3RhbE9kZCI6ICIzLjYwIg0KICB9,won,3706353,43063,1666322466,75232,1665174805,aea5e0ad-3bd7-4936-901b-e347ece
